"Jon","Vasilyevski","pilot"
"Peterus","Bertouloume","pilot"
"Zane","Freathy","pilot"
"Colin","Mundle","pilot"
"Alric","Fookes","pilot"
"Patric","Bickerstaffe","pilot"
"Jarred","Tankin","pilot"
"Terrel","Aspole","pilot"
"Tomaso","Lindbergh","pilot"
"Griz","Tordoff","pilot"
"Ferdy","Dillon","pilot"
"Morie","Wines","pilot"
"Mose","Cardenas","pilot"
"Standford","Iannitti","pilot"
"Levy","Andrea","pilot"
"Alexander","Swindell","pilot"
"Bryce","Piggot","pilot"
"Whitaker","Brisard","pilot"
"Donal","Jinda","pilot"
"Barr","Lewis","pilot"
"Aguste","Minnock","pilot"
"Forrester","Bricknall","pilot"
"Tucky","Trematick","pilot"
"Efren","Cuppleditch","pilot"
"Virge","Scuffham","pilot"
"Brice","Mearing","pilot"
"Lamond","Lindwall","pilot"
"Horten","Haining","pilot"
"Lucais","Abbet","pilot"
"Lazar","Cranmer","pilot"
"Edgard","Adamo","pilot"
"Winfred","Shirley","pilot"
"Iago","McNiven","pilot"
"Gerek","Ruprich","pilot"
"Riobard","Goalley","pilot"
"Jourdain","Pentycost","pilot"
"Goddard","Pasterfield","pilot"
"Englebert","Fischer","pilot"
"Rockie","Blaw","pilot"
"Ellsworth","Poveleye","pilot"
"Ali","Antat","pilot"
"Benedict","Snedden","pilot"
"Rorke","Chapling","pilot"
"Chick","Liepmann","pilot"
"Waylan","Gilbride","pilot"
"Toiboid","Boyfield","pilot"
"Russell","Spinello","pilot"
"Cesaro","Shoosmith","pilot"
"Hyatt","Rivilis","pilot"
"Olenolin","Pidgeley","pilot"
"Miltie","Hanmore","pilot"
"Marlon","Surgeon","pilot"
"Ebeneser","Schroeder","pilot"
"Napoleon","Champney","pilot"
"Zerk","Pauluzzi","pilot"
"Noach","Yexley","pilot"
"Colas","Catterill","pilot"
"Woody","Caldaro","pilot"
"Marius","Sturney","pilot"
"Porty","Vecard","pilot"
"Gothart","Glen","pilot"
"Shelby","Tue","pilot"
"Justis","Harkes","pilot"
"Florian","Hallgarth","pilot"
"Sheridan","Brandenberg","pilot"
"Gonzalo","Scrogges","pilot"
"Saxe","Alves","pilot"
"Gib","Sebrens","pilot"
"Wash","Bogays","pilot"
"Johnnie","Wrist","pilot"
"Moishe","Degnen","pilot"
"Sansone","Raraty","pilot"
"Elliott","Guage","pilot"
"Jasun","Lloyd","pilot"
"Miner","Waddoups","pilot"
"Boyd","Deveril","pilot"
"Tito","Erricker","pilot"
"Julius","Surman-Wells","pilot"
"Randi","Dunning","pilot"
"Bran","Stores","pilot"
"Enrique","Popworth","pilot"
"Quent","Buckmaster","pilot"
"Clyde","Culver","pilot"
"Matthiew","Bjorkan","pilot"
"Aurthur","Kearney","pilot"
"Fabian","Halshaw","pilot"
"Scott","Milella","pilot"
"Karlan","Prenty","pilot"
"Pip","Whiley","pilot"
"Willem","Florence","pilot"
"Chip","Carville","pilot"
"Stanleigh","Summerhayes","pilot"
"Hort","Lots","pilot"
"Tudor","Possa","pilot"
"Torr","Cormack","pilot"
"Nowell","Adamec","pilot"
"Callean","Beaty","pilot"
"Evan","Kuscha","pilot"
"Willdon","Dickings","pilot"
"Remington","Hubble","pilot"
"Ulick","Chart","pilot"
"Kelwin","Nealand","pilot"
"Kenyon","Wonfor","pilot"
"Bernard","Poston","pilot"
"Thane","Vivers","pilot"
"Sherwynd","McGifford","pilot"
"Armstrong","Dillimore","pilot"
"Sherwin","Younge","pilot"
"Loren","Gerhardt","pilot"
"Garth","Baillie","pilot"
"Clarence","Lacotte","pilot"
"Inness","Diament","pilot"
"Finlay","Silversmidt","pilot"
"Ignacius","Rustedge","pilot"
"Sean","Glitherow","pilot"
"Salvador","Bruhnsen","pilot"
"Milt","Vipan","pilot"
"Francisco","Millwater","pilot"
"Ignaz","Mc Harg","pilot"
"Lindon","Ruppeli","pilot"
"Sherwood","Fumagallo","pilot"
"Garry","Drees","pilot"
"Wyatan","Baumber","pilot"
"Abel","Ortes","pilot"
"Eamon","Darree","pilot"
"Whitaker","Mapson","pilot"
"Andrew","Bedson","pilot"
"Ryan","McHale","pilot"
"Martin","Breheny","pilot"
"Taylor","Jocic","pilot"
"Gris","Pattingson","pilot"
"Georgi","Mewha","pilot"
"Lawrence","Litterick","pilot"
"Rodolphe","Vasnev","pilot"
"Magnum","Lanceter","pilot"
"Anatol","Czapla","pilot"
"Brand","Wein","pilot"
"Aymer","Castelow","pilot"
"Josiah","Wenman","pilot"
"Hansiain","Collis","pilot"
"Leroi","Jaume","pilot"
"Rodolph","Slyde","pilot"
"Minor","Teodoro","pilot"
"Bertrand","Assaf","pilot"
"Jermayne","Mounsey","pilot"
"Claudell","Ninnoli","pilot"
"Rory","Liddicoat","pilot"
"Archibold","Valerio","pilot"
"Tulley","Mabbett","pilot"
"Charlton","Flavelle","pilot"
"Malory","Hriinchenko","steward"
"Stevena","Duffield","steward"
"Alane","Greder","steward"
"Mable","Chidzoy","steward"
"Bunni","Dallon","steward"
"Virgina","Goddman","steward"
"Ray","Keelan","steward"
"Winifred","Crut","steward"
"Licha","Wardall","steward"
"Giulia","Biaggetti","steward"
"Janeczka","Roxbee","steward"
"Ardath","Fernyhough","steward"
"Cleo","Retchless","steward"
"Verile","Boggis","steward"
"Leeanne","Boaler","steward"
"Charla","Scudamore","steward"
"Olympie","Macauley","steward"
"Cammie","Baumler","steward"
"Colene","Patton","steward"
"Lise","Doghartie","steward"
"Tabatha","Brokenbrow","steward"
"Alvinia","Noah","steward"
"Rosalinde","Agron","steward"
"Berri","Webburn","steward"
"Dallas","Georgescu","steward"
"Kassi","Ivetts","steward"
"Krissie","Sinderland","steward"
"Olimpia","Beggi","steward"
"Gillian","Haxell","steward"
"Phillie","Klehn","steward"
"Ula","Grayne","steward"
"Lena","Ralph","steward"
"Mignonne","Tawton","steward"
"Becky","Buckmaster","steward"
"Pierette","Youings","steward"
"Brigida","Baudins","steward"
"Moina","Handrok","steward"
"Veronike","Benstead","steward"
"Evy","Codman","steward"
"Danyette","Pettie","steward"
"Orelle","Eydel","steward"
"Lorinda","Thurbon","steward"
"Lexy","Blanchflower","steward"
"Leann","McChesney","steward"
"Helsa","Povele","steward"
"Ardeen","Karolewski","steward"
"Daisy","Poag","steward"
"Elfrida","Barhem","steward"
"Petronille","Middell","steward"
"Loraine","Axford","steward"
"Cindee","Redhole","steward"
"Margaret","Fontin","steward"
"Theodosia","Dahlen","steward"
"Katrine","Hammarberg","steward"
"Laural","Atlee","steward"
"Nola","Aggett","steward"
"Christel","Edworthy","steward"
"Sarena","Pitsall","steward"
"Paula","Lavies","steward"
"Molly","Beauvais","steward"
"Prisca","Garrood","steward"
"Merline","Raulin","steward"
"Carma","Lawdham","steward"
"Sheilakathryn","Goodwell","steward"
"Tiena","Parnall","steward"
"Dell","Honsch","steward"
"Nat","Loud","steward"
"Marylin","Rainton","steward"
"Robyn","Christou","steward"
"Robinet","Bransby","steward"
"Louella","Wheeler","steward"
"Dori","Proudlock","steward"
"Jolie","Eddowis","steward"
"Riannon","Plant","steward"
"Mira","Bemrose","steward"
"Silva","Harral","steward"
"Vicky","Rabley","steward"
"Cinnamon","Waldie","steward"
"Margaretta","Jirak","steward"
"Tuesday","Tuxwell","steward"
"Robbi","Handrik","steward"
"Jen","Lemasney","steward"
"Bekki","Gerardot","steward"
"Celestine","Karolyi","steward"
"Elfie","Fitkin","steward"
"Nettie","Gocher","steward"
"Wilma","Bleckly","steward"
"Felicdad","Titmarsh","steward"
"Bess","Drewett","steward"
"Frederique","Vannar","steward"
"Alfreda","Parnaby","steward"
"Lynnette","Denisovich","steward"
"Gwyn","Klementz","steward"
"Annabella","O' Hern","steward"
"Annaliese","Folbigg","steward"
"Maureen","Ghelarducci","steward"
"Rubina","Stuckley","steward"
"Michelle","Streater","steward"
"Evy","Edwin","steward"
"Steffi","Polk","steward"
"Babbie","Harnwell","steward"
"Tiff","Rendbaek","steward"
"Candi","Gager","steward"
"Allie","Haglington","steward"
"Sacha","Blazdell","steward"
"Wynny","Cowie","steward"
"Amie","McGuiney","steward"
"Beatrix","Marre","steward"
"Doralyn","Urian","steward"
"Mufinella","Lacer","steward"
"Sabina","Arnau","steward"
"Cayla","Brant","steward"
"Katusha","Higounet","steward"
"Lily","Harmar","steward"
"Cecil","Seivertsen","steward"
"Zsazsa","Oats","steward"
"Correy","Franiak","steward"
"Cairistiona","Glassman","steward"
"Allene","Vallender","steward"
"Vikki","Domone","steward"
"Valentina","Buckleigh","steward"
"Maudie","Spillman","steward"
"Brietta","Ayling","steward"
"Nicolette","Gerold","steward"
"Tammi","Scay","steward"
"Felice","Maior","steward"
"Camellia","Saltsberger","steward"
"Joy","Ingolotti","steward"
"Marla","Sedworth","steward"
"Loren","Kinton","steward"
"Kippie","Faley","steward"
"Jessamyn","McKeown","steward"
"Jaine","Patel","steward"
"Eleanore","Morais","steward"
"Tiffie","Tutchings","steward"
"Rosana","Ffrench","steward"
"Tammi","Valiant","steward"
"Beryl","Suerz","steward"
"Henriette","Fontelles","steward"
"Ardelle","Riggulsford","steward"
"Tobye","Delamar","steward"
"Tandy","Rowberry","steward"
"Esme","Ebbings","steward"
"Edin","Buffham","steward"
"Constancia","Shelsher","steward"
"Hedwiga","Farady","steward"
"Andria","McLarnon","steward"
"Melinda","Wimsett","steward"
"Laryssa","Crockford","steward"
"Minette","Skirvane","steward"
"Andromache","Jeenes","steward"
"Myrtle","Smedmoor","steward"
"Rose","Ripley","steward"
"Freddi","Purdon","steward"
"Emylee","Tagg","steward"
"Amber","Hillum","steward"
"Una","Scurrell","steward"
"Nanice","Shipperbottom","steward"
"Corey","Butting","steward"
"Marigold","Posnett","steward"
"Nan","Alldritt","steward"
"Koo","Priddy","steward"
"Lynelle","Tomashov","steward"
"Rosetta","Townson","steward"
"Agna","Chittem","steward"
"Marthe","Haddon","steward"
"Xena","Paice","steward"
"Inga","Holsall","steward"
"Olimpia","Withur","steward"
"Wenona","Bradbeer","steward"
"Margot","Suckling","steward"
"Georgena","Baynom","steward"
"Alayne","Creak","steward"
"Robina","Newstead","steward"
"Adria","Penkman","steward"
"Guenna","Dodamead","steward"
"Fernandina","MacCardle","steward"
"Mel","Tate","steward"
"Shaylynn","Draysey","steward"
"Venus","Stent","steward"
"Shari","Rivalant","steward"
"Zahara","Press","steward"
"Feliza","Patesel","steward"
"Aida","Whaymand","steward"
"Pansie","Itzchaki","steward"
"Tiena","Kneel","steward"
"Fanchette","Ben","steward"
"Rhianna","Pancoast","steward"
"Xenia","Prover","steward"
"Tanitansy","Camm","steward"
"Candy","Raveau","steward"
"Marlane","Eustanch","steward"
"Michel","Zealander","steward"
"Cory","Fairey","steward"
"Lanita","Pelcheur","steward"
"Nicolette","Wellwood","steward"
"Maggee","Blaber","steward"
"Rheta","Langmuir","steward"
"Sybyl","Girdler","steward"
"Wynny","Vayne","steward"
"Benedicta","Reaper","steward"
"Lucita","Swayton","steward"
"Norma","Hobben","steward"
"Roseanna","Maunton","steward"
"Rahel","Fancutt","steward"
"Helli","Rubenczyk","steward"
"Felicle","Rodell","steward"
"Raynell","Macewan","steward"
"Harriot","Sowte","steward"
"Jaynell","Forsyde","steward"
"Ashli","Castelyn","steward"
"Stoddard","Milnes","steward"
"Lynne","Piggin","steward"
"Melba","Southerden","steward"
"Valencia","Copeland","steward"
"Kathie","Burnyeat","steward"
"Marylynne","Citrine","steward"
"Beverley","Lanegran","steward"
"Luella","MacRannell","steward"
"Donny","Isselee","steward"
"Molli","Barts","steward"
"Rosene","Tew","steward"
"Caroline","Hartman","steward"
"Celle","Walster","steward"
"Estella","Dufour","steward"
"Yetty","Godlonton","steward"
"Valenka","Britner","steward"
"Breena","Aleshkov","steward"
"Benni","Rutledge","steward"
"Joete","Durnell","steward"
"Bobina","Giamelli","steward"
"Brenn","Sliney","steward"
"Bridgette","Probbin","steward"
"Breanne","Wogden","steward"
"Celinda","Perell","steward"
"Delly","Haversum","steward"
"Camilla","Keasley","steward"
"Ivory","Dei","steward"
"Drusilla","Tallant","steward"
"Faustine","Follos","steward"
"Gwynne","Youthed","steward"
"Hallie","Cadell","steward"
"Cory","McCrossan","steward"
"Rowena","Dougliss","steward"
"Tamara","O'Dunneen","steward"
"Martina","Brownscombe","steward"
"Brinn","Fahrenbach","steward"
"Hana","Morat","steward"
"Sybila","Bernardo","steward"
"Jaquith","Meyer","steward"
"Emyle","Culross","steward"
"Modestia","Curle","steward"
"Ema","Wootton","steward"
"Fan","Boncoeur","steward"
"Carree","Ewenson","steward"
"Bernette","Manvell","steward"
"Peggi","Glencrosche","steward"
"Shellie","Ghelerdini","steward"
"Cathrine","Tamblyn","steward"
"Hyacinth","Newbatt","steward"
"Michell","McCarty","steward"
"Natalina","Ciccottini","steward"
"Helenelizabeth","Maunder","steward"
"Bea","Constantinou","steward"
"Nell","Forth","steward"
"Meredith","Seers","steward"
"Maegan","Masdon","steward"
"Caresa","Clash","steward"
"Emmy","Brewood","steward"
"Kaitlin","Tuny","steward"
"Idalia","Gaddes","steward"
"Charmine","Ondrousek","steward"
"Larina","Burdell","steward"
"Lola","Smallacombe","steward"
"Rochella","Wyant","steward"
"Elicia","Dast","steward"
"Brianne","Train","steward"
"Mercy","Teaze","steward"
"Avrit","Johnsson","steward"
"Bidget","Finnie","steward"
"Susette","Picott","steward"
"Inez","Hallybone","steward"
"Sallyann","Riggulsford","steward"
"Ardith","Janoch","steward"
"Alfi","Thiese","steward"
"Laetitia","MacNeice","steward"
"Janie","Brisset","steward"
"Winnah","Audrey","steward"
"Anthiathia","Middle","steward"
"Helen-elizabeth","Toplin","steward"
"Othilia","Mackrill","steward"
"Roxane","Alaway","steward"
"Dennie","Jaycock","steward"
"Sadie","Lantoph","steward"
"Linette","Saunton","steward"
"Hatti","Rougier","steward"
"Mozelle","Stapford","steward"
"Daffie","Antalffy","steward"
"Carmine","Petigrew","steward"
"Kanya","Ghidetti","steward"
"Gates","Moxted","steward"
"Cecilia","Bolderson","steward"
"Carolina","Koles","steward"
"Kary","Andrini","steward"
"Cara","Boken","steward"
"Viva","Loyns","steward"
"Karleen","Meeny","steward"
"Scarlett","Chupin","steward"
"Tawnya","Rentz","steward"
"Lucky","Torritti","steward"
"Carrissa","Klimmek","steward"
"Rosemonde","Drakeley","steward"
"Nicholle","Bonome","steward"
"Ashlee","Iskowicz","steward"
"Zia","Buttery","steward"
"Haleigh","Sale","steward"
"Veronica","Matous","steward"
"Yetty","Jakubovitch","steward"
"Janice","Housaman","steward"
"Bamby","McSharry","steward"
"Seline","Stell","steward"
"Robbin","Hambribe","steward"
"Jacinda","Argue","steward"
"Constantine","Scales","steward"
"Michaela","Dobrovolny","steward"
"Honoria","Deviney","steward"
"Zena","Hearsum","steward"
"Claudetta","Fawckner","steward"
"Eydie","Gladstone","steward"
"Misty","Papierz","steward"
"Madelena","Duxfield","steward"
"Petronille","Cowterd","steward"
"Jeanelle","Bowsher","steward"
"Simone","Hallbord","steward"
"Korney","Brookesbie","steward"
"Fredra","Dubery","steward"
"Robenia","Issett","steward"
"Liza","Freddi","steward"
"Gerladina","Steere","steward"
"Nanni","Harcus","steward"
"Ceil","Slyman","steward"
"Gwyn","O'Kinedy","steward"
"Cathrine","Sarson","steward"
"Elli","Schwerin","steward"
"Jorey","Marle","steward"
"Juanita","Puddefoot","steward"
"Katya","Tallowin","steward"
"Mariette","Figin","steward"
"Elfrieda","Lockless","steward"
"Cassey","Slayny","steward"
"Melany","Abisetti","steward"
"Odelle","Eseler","steward"
"Maryjo","Tither","steward"
"Dorie","Babidge","steward"
"Izabel","McAvinchey","steward"
"Micheline","Kamenar","steward"
"Petrina","Blunkett","steward"
"Shanta","Meagher","steward"
"Pen","Eymor","steward"
"Helyn","Pruckner","steward"
"Emmalyn","Rees","steward"
"Valli","Cansdell","steward"
"Fiorenze","Guyonnet","steward"
"Raquel","Otham","steward"
"Corinne","Guiness","steward"
"Nikaniki","Gilsthorpe","steward"
"Teodora","Osan","steward"
"Sorcha","Canet","steward"
"Phaedra","Farrants","steward"
"Patience","Crewes","steward"
"Birgit","Fisby","steward"
"Joane","Blomefield","steward"
"Lela","Critch","steward"
"Bertha","Lipsett","steward"
"Bekki","Clemenceau","steward"
"Terese","Dobrovolski","steward"
"Arlee","Stack","steward"
"Margarita","Lalley","steward"
"Viviyan","Byer","steward"
"Jammie","Foister","steward"
"Sigrid","Woolley","steward"
"Amelita","Bale","steward"
"Pierette","Cleverley","steward"
"Junia","Wilmore","steward"
"Mavra","Jurzyk","steward"
"Karly","Golston","steward"
"Doralin","Balsom","steward"
"Loni","Phillis","steward"
"Jerrie","Tackell","steward"
"Patricia","Moohan","steward"
"Emma","Thornber","steward"
"Elsbeth","Haskey","steward"
"Josselyn","Gianolo","steward"
"Dorothea","Brockie","steward"
"Rodie","Whistlecroft","steward"
"Amabelle","Siward","steward"
"Florie","Dymick","steward"
"Ronica","Challenger","steward"
"Sarette","Coils","steward"
"Muriel","Spendley","steward"
