"Sybille","Wensley"
"Saidee","Guitte"
"Othilie","Kmietsch"
"Lorne","Faulkner"
"Manny","Barnet"
"Shae","Downham"
"Anthiathia","Blamphin"
"Glenden","Flukes"
"Nerty","Knivett"
"Micky","Ticksall"
"Mahalia","Wight"
"Baxter","Struttman"
"Arleen","O'Fearguise"
"Tirrell","Folcarelli"
"Toma","Steptowe"
"Shelby","Dorrell"
"Padgett","Grundwater"
"Rosaline","Wandtke"
"Bride","Winchurch"
"Melamie","Grombridge"
"Haley","Newey"
"Clarke","Geely"
"Tracee","Trask"
"Nathaniel","Slisby"
"Philbert","Penhale"
"Tammie","Twinbrow"
"Yorgos","Hunston"
"Violante","Cammomile"
"Jonell","Langelay"
"Martina","Kepe"
"Kenton","Bungey"
"Sigismondo","Ferraretto"
"Idelle","Ruddock"
"Joshua","Clunie"
"Barrie","Filasov"
"Norrie","Battelle"
"Codi","Brookzie"
"Millicent","Speddin"
"Paton","Morsey"
"Scarlett","Gillibrand"
"Tabatha","Peaddie"
"Dianna","Cocks"
"Orelie","Durdy"
"Cole","Matteris"
"Tobe","Simms"
"Cloris","Izakoff"
"Jamill","Augustin"
"Marisa","Cluelow"
"Maye","Scotland"
"Nessa","Rothert"
"Erek","Trevance"
"Tarra","Macveigh"
"Enrika","O'Cosgra"
"Cynde","Gabbott"
"Morgan","Farans"
"Adler","Gammage"
"Inigo","Korn"
"Judye","Shillingford"
"Rabi","Monsey"
"Brendis","McDonagh"
"Joana","Wolfindale"
"Fredric","Paddeley"
"Briana","Merck"
"Malinda","Koschke"
"Mickie","Sanpher"
"Joletta","Zanioletti"
"Roselle","Hatchette"
"Derick","Taffurelli"
"Catarina","Gipps"
"Sylvester","Elloit"
"Kippie","Kaminski"
"Wenona","Chirm"
"Heda","Cromblehome"
"Morton","Carnoghan"
"Sianna","Cawt"
"Corabel","Clerke"
"Hollie","Bisset"
"Dave","Sottell"
"Dame","Shuard"
"Dawna","Lockless"
"Pattie","Oddy"
"Gard","Polglase"
"Hortense","Biagini"
"Toby","Livick"
"Matti","Hanwright"
"Vittorio","Tulloch"
"Hurlee","Lagden"
"Goddart","MacTeggart"
"Sacha","Wigan"
"Merrielle","Baddiley"
"Gustavo","Cammoile"
"Zarah","Ewbanche"
"Daryn","Chown"
"Emmet","Rosencrantz"
"Leland","Bullus"
"Elwyn","Jellyman"
"Emili","Vankeev"
"Johnnie","Stienham"
"Annissa","Bruff"
"Dore","Jameson"
"Ginnifer","Behnke"
"Dara","Leavold"
"Emmett","Ormond"
"Mirabelle","Conkie"
"Moore","Sisley"
"Elden","MacPharlain"
"Pepe","Holt"
"Matteo","Kuhle"
"Joachim","Gooders"
"Katalin","Aldhous"
"Arne","Mairs"
"Henderson","Domenge"
"Kaitlyn","Matzen"
"Reynolds","Passler"
"Olva","Caller"
"Katina","MattiCCI"
"Adam","Wickenden"
"Loralie","Buttfield"
"Lindi","Sidebottom"
"Moss","Spurrier"
"Ermentrude","Iddons"
"Harris","Rankling"
"Heddi","Climo"
"Thedrick","Leyban"
"Chelsea","Smissen"
"Wiatt","Gidman"
"Kitty","Nelles"
"Bobbi","Beachamp"
"Harlene","Durdle"
"Susie","Tuckerman"
"Ernestine","Dawtry"
"Tonnie","Jinkinson"
"Angel","Evert"
"Venita","Olsen"
"Clim","Conkay"
"Burg","Birdwistle"
"Wilie","Ateridge"
"Carmon","Marzelli"
"Tami","Sockell"
"Etan","Lugsdin"
"Olivette","Oxenford"
"Damian","Boxen"
"Baily","Wilber"
"Pauly","Matusovsky"
"Revkah","Espinha"
"Brod","Hamblett"
"Llewellyn","Wanley"
"Leona","Gosselin"
"Hamish","Questier"
"Eryn","Matusov"
"Coralie","Dionisetti"
"Elana","Weekly"
"Blinny","St. Louis"
"Jessee","Hoopper"
"Dionisio","Ethington"
"Aymer","Campos"
"Sibyl","Morrell"
"Gregory","Gaine of England"
"Ag","Clemoes"
"Juliann","Riccione"
"Conway","Wasiela"
"Ozzy","Grinnikov"
"Aubrey","Werrett"
"Jemimah","Itschakov"
"Garey","Minister"
"Abeu","Onyon"
"Germain","Blades"
"Allyn","Lauret"
"Stewart","Marchello"
"Eve","Shall"
"Joshuah","Capstaff"
"Rafael","Senechault"
"Bradan","Louden"
"Zora","Falshaw"
"Valentijn","Quarton"
"Johannes","Leheude"
"Nicholas","Cavan"
"Iggie","Braune"
"Cammie","McMenamie"
"Merla","Davison"
"Mireille","Deinhard"
"Georgianne","Mathevet"
"Brook","Jillett"
"Julie","Le-Good"
"Lou","Starbucke"
"Leela","Jacquet"
"Leone","Penwright"
"Lanita","Duckham"
"Gianina","Crooks"
"Lindy","Chellenham"
"Olympia","Stollsteiner"
"Allianora","Pablos"
"Alister","Hanhart"
"Dorella","Evershed"
"Tedi","Brecknock"
"Gram","Jeannaud"
"Culver","Juliano"
"Aymer","Ridpath"
"Finlay","Geering"
"Tremayne","Denisyev"
"Franciskus","Laurie"
"Waylan","Wych"
"Debera","Winborn"
"Reina","Rhodes"
"Link","Soaper"
"Freddy","Bouldon"
"Courtney","Sollowaye"
"Clay","Yu"
"Marnia","Earnshaw"
"Budd","Bagnell"
"Vaclav","Mourge"
"Harmonie","Medhurst"
"Lanni","O'Hoolahan"
"Malcolm","Pepperell"
"Charlot","Alesi"
"Randie","Hugnot"
"Tressa","Seals"
"Samaria","Simeone"
"Kriste","Brea"
"Anjela","Flamank"
"Asia","Quarterman"
"Alaster","Chritchley"
"Haley","Raun"
"Jared","Dunge"
"Goraud","Syer"
"Marni","Colhoun"
"Clem","Ambrosetti"
"Leese","Wrathmell"
"Katina","Gudgin"
"Webster","Domokos"
"Eddy","Lante"
"Lorelle","Thorneley"
"Mehetabel","Jobbings"
"Irita","Chalcot"
"Levy","Loveard"
"Alfred","Gates"
"Eddy","Pickle"
"Dav","Woodman"
"Chelsea","Bourke"
"Edie","Reboulet"
"Dolli","Eva"
"Bing","Webber"
"Edwin","Lafond"
"Kellia","Hewlings"
"Nikolai","Petkovic"
"Layne","Osorio"
"Ruthe","Exeter"
"Karlie","Imason"
"Humphrey","Zelland"
"Alexandra","Thomsen"
"Denyse","Gormley"
"Adriano","Crispin"
"Sal","Gunny"
"Selie","Glabach"
"Fanchon","Stamp"
"Lilli","Floyed"
"Elita","Hospital"
"Ellswerth","Ciccottini"
"Alika","Noddle"
"Jocelin","Phebee"
"Osborne","Davitt"
"Bibbie","Girk"
"Reba","Petasch"
"Georg","Hadwen"
"Joannes","Kimpton"
"Cornelia","Keson"
"Barbabas","Stickings"
"Jonathan","Buffin"
"Wilow","Beagles"
"Brandon","Natalie"
"Jody","Simoni"
"Aviva","Le Galle"
"Troy","Hambly"
"Barty","Shury"
"Vincenty","Polin"
"Sydney","Dahill"
"Son","Downage"
"Brandon","Ash"
"Alexis","Zavattari"
"Artus","Gilbride"
"Cleavland","Coppins"
"Gweneth","Bettison"
"Klaus","Neem"
"Cornall","Tschiersch"
"Sibelle","Guilloneau"
"Agata","McCadden"
"Candace","Atty"
"Wallie","Ilyuchyov"
"Corilla","Braiden"
"Cornie","Glidden"
"Emmeline","Pretsell"
"Erie","Mungham"
"Robby","Heatley"
"Jenda","Cockshutt"
"Willard","Astill"
"Aurore","Trude"
"Ciro","Howell"
"Jaimie","Brattell"
"Pearl","Sille"
"Natka","Janicek"
"Rubie","Hedditeh"
"Hailee","Mordue"
"Kathleen","Penkethman"
"Tamera","Whatling"
"Ethelda","Heaney`"
"Grantham","Snar"
"Eloise","Groundwator"
"Ericka","Hemerijk"
"Briant","Chalfain"
"Helga","Howland"
"Rickie","Verbeek"
"Tabina","Buckland"
"Carmine","Look"
"Reider","Beiderbeck"
"Sven","Kingaby"
"Delcine","Mawne"
"Sianna","Halliberton"
"Erinn","Dumberell"
"Edvard","Hickin"
"Cynthy","Sherlaw"
"Julian","Monteath"
"Thorvald","Haslehurst"
"Gerty","Kach"
"Francene","Scheffel"
"Zelma","Heikkinen"
"Fernande","Pickles"
"Renata","Heersema"
"Camila","Smedley"
"Gery","Calam"
"Janka","Winward"
"Renato","Sharrocks"
"Emmery","Grabeham"
"Brandtr","Sinyard"
"Constancia","Coneybeer"
"Marve","Sandbatch"
"Harbert","Worgan"
"Rozalie","Sommerled"
"Giavani","Dudding"
"Leslie","Bodleigh"
"Dexter","Cadogan"
"Sander","Osgerby"
"Shelagh","Ungerecht"
"Aggi","Pellingar"
"Rancell","Faich"
"Em","Gilleson"
"Jenny","Cristoforo"
"Micheline","Spight"
"Delaney","Powers"
"Sallyann","McDonald"
"Binky","Henderson"
"Vanna","Gunning"
"Rolph","Jesson"
"Aile","Sleaford"
"Peta","Starkey"
"Franklin","Kuhnert"
"Carry","Barr"
"Sinclare","Dietzler"
"Etheline","Wason"
"Chilton","Hadgkiss"
"Pearline","Pagitt"
"Windy","Braunds"
"Doralia","Padwick"
"Julianna","Farans"
"Lorelei","Stainton"
"Adeline","Deverille"
"Kenyon","Lyptratt"
"Toby","Derks"
"Galven","Pitkeathly"
"Hyatt","Dunton"
"Gideon","Bonney"
"Verile","Shepton"
"Berkley","Kelshaw"
"Catlee","Murrum"
"Pippo","Loisi"
"Jerrome","Lindenberg"
"Rainer","Jerg"
"Calv","Downing"
"Mella","Yushachkov"
"Tobit","Dyster"
"Kristopher","Tomkiss"
"Garrard","Saunt"
"Betteann","Seager"
"Gerianne","Nesfield"
"Rosana","Coleyshaw"
"Corny","Romayne"
"Ogdan","Hugland"
"Celie","Hyrons"
"Jeno","Amsden"
"Ema","Baddiley"
"Shurlock","Rowlands"
"Brendis","Harmson"
"Deonne","Withringten"
"Hymie","Vogel"
"Sherri","Prickett"
"Victoria","Larraway"
"Granthem","McAlroy"
"Brett","Sherreard"
"Tawnya","Clohissy"
"Wye","Towsey"
"Dulsea","Nobes"
"Anatole","Schroeder"
"Teirtza","Vynoll"
"Petey","Alten"
"Ermina","MacLeod"
"Leela","Rathke"
"Sydney","Goligly"
"Jillayne","Dannohl"
"Dugald","Rennenbach"
"Martita","Stammer"
"Eilis","Beedell"
"Merrill","Kuzemka"
"Muriel","Elfes"
"Karyn","Vineall"
"Ricoriki","Reschke"
"Shari","Sainsbury-Brown"
"Anabella","Cradey"
"Ingmar","Lunt"
"Mayor","Thickin"
"Sibylle","Crighton"
"Callean","McGuirk"
"Katina","Boddington"
"Denny","Flanigan"
"Reg","Muggleton"
"Loren","Porcas"
"Maybelle","Van Zon"
"Trumaine","Speakman"
"Duff","Agates"
"Dorolisa","Jouanet"
"Thibaud","Belhomme"
"Alyda","Whitty"
"Harlene","Wingatt"
"Lewiss","Hards"
"Nicolis","Flowerden"
"Ellene","Britner"
"Birgit","Ary"
"Osgood","Latore"
"Con","Endecott"
"Sib","Wilkenson"
"Bradford","Cornforth"
"Constantina","Strattan"
"Kory","Lombard"
"Jonie","Simonato"
"Ossie","Durtnall"
"Rand","Woodes"
"Anastasie","Cumberland"
"Catrina","McCart"
"Judah","Stillwell"
"Marcus","Revely"
"Gradey","Beadle"
"Cort","Murrhardt"
"Clarisse","Mathewson"
"Coral","Saville"
"Brier","Drew-Clifton"
"Lettie","Childerhouse"
"Viv","Scarratt"
"Melony","McCreery"
"Gene","Stelfox"
"Jazmin","Waind"
"Cheri","Guinery"
"Andie","Tozer"
"Christoforo","Studdeard"
"Kingsly","Brazenor"
"Arlyne","Powlesland"
"Lorrie","Kloisner"
"Geraldine","Postians"
"Claudio","Padillo"
"Dimitry","Van Ross"
"Skylar","Dirkin"
"Terry","Franklyn"
"Terencio","Rogeon"
"Teressa","Atchly"
"Ann","McMahon"
"Hester","Czapla"
"Thedrick","Dampney"
"Rollin","DelaField"
"Johnath","Leathes"
"Jehanna","McKew"
"Wynnie","Uridge"
"Judith","Ripsher"
"Xerxes","Veryard"
"Gretchen","McNickle"
"Gregorius","Ayars"
"Woodman","Brodest"
"Kelsey","Penwright"
"Mona","Baudts"
"Trula","Berresford"
"Ethelda","Scally"
"Mikaela","Warrilow"
"Timothee","Hugo"
"Lindy","Deaves"
"Riordan","Hopkins"
"Vinny","Chadderton"
"Madelene","Womack"
"Amelie","Anger"
"Staford","Cuttelar"
"Ambur","Maass"
"Coraline","Buddleigh"
"Barnabe","Weald"
"Madelon","Bonifas"
"Othelia","Cremer"
"Cassaundra","Toothill"
"Law","Tinson"
"Viva","Freiberg"
"Barbee","Yorke"
"Tab","Boyall"
"Rolph","Ericsson"
"Ike","Mogie"
"Eleen","Plum"
"Vladimir","Zotto"
"Laverna","Clitheroe"
"Belita","Wanell"
"Jamie","Ridsdale"
"Jermaine","Scholefield"
"Richardo","Stonard"
"April","Hammerberger"
"Francklyn","Le Marchant"
"Devy","Dmitrichenko"
"Vito","Gabotti"
"Cilka","Pinnigar"
"Elton","Leighfield"
"Hart","Hardan"
"Caspar","Fraczak"
"Christen","McCurrie"
"Rockwell","Hoffner"
"Essie","Peppin"
"Daria","Wohler"
"Carie","Steventon"
"Kathleen","Furlong"
"Georgiana","Di Antonio"
"Catlee","Kanwell"
"Nara","Cissell"
"Paolo","Infante"
"Priscella","Pfeifer"
"Carlita","Storck"
"Tomaso","Gronou"
"Darby","Vivian"
"Torrie","Bloodworth"
"Trey","Esel"
"Gino","Powles"
"Guy","Confort"
"Ernesto","Snelling"
"Carmon","Gourley"
"Rozella","Place"
"Yanaton","Swancott"
"Dareen","Course"
"Vanni","Enevold"
"Doralynn","Childs"
"Jeff","Hubbocks"
"Filia","Burdytt"
"Petronilla","Normabell"
"Maje","Marfield"
"Roldan","Lackeye"
"Edi","Lancastle"
"Valera","Hannigan"
"Aimil","O'Suaird"
"Milicent","Ronci"
"Rosemonde","Pikhno"
"Laurie","Davidofski"
"Felicdad","Vasilov"
"Jeanette","Crees"
"Halie","Bruna"
"Asa","Llewelyn"
"Mortie","Fardon"
"Cristionna","Jozwicki"
"Benjamen","Pannaman"
"Octavia","Murgatroyd"
"Gage","Copo"
"Simone","Dickerline"
"Carlene","Ales"
"Ozzy","Minihane"
"Antonio","Boerderman"
"Hally","Messiter"
"Mandie","Brotherheed"
"Matias","McIlwrath"
"Raf","Carreck"
"Adi","D'Agostino"
"Lulita","Yanshinov"
"Joshuah","Fairbourne"
"Leif","Howarth"
"Bryanty","Wooder"
"Tibold","Trulock"
"Paulie","Lowre"
"Lorry","Linneman"
"Babbette","Leal"
"Alleyn","Jozsika"
"Goraud","Liddell"
"Margette","Cattrall"
"Ophelia","Ollerearnshaw"
"Eldin","Canadine"
"Van","Coplestone"
"Dolores","Winkett"
"Marlyn","Barehead"
"Dane","Eggleson"
"Rice","Dallison"
"Skippie","Mayou"
"Berta","Nottle"
"Lettie","Itzchaki"
"Maxine","Haggerty"
"Henderson","Cornils"
"Vivien","Thiese"
"Marci","Estrella"
"Janna","De Ruel"
"Fraze","Caron"
"Angie","Abercromby"
"Gannon","Jaquin"
"Nadiya","Merdew"
"Kizzee","Monshall"
"Elisabetta","Warbey"
"Walsh","Oldridge"
"Worden","Bentje"
"Nancee","Maren"
"Philbert","Shoute"
"Cyrus","Rawle"
"Zitella","Barts"
"Spencer","Haggeth"
"Harold","Rolse"
"Torin","Pembry"
"Grady","Gadie"
"Tammy","Putton"
"Alfy","Stacey"
"Galvin","Farndon"
"Nadine","Ubsdall"
"Karry","Beauman"
"Hilary","Hanratty"
"Garvin","Brands"
"Ofilia","Rosita"
"Even","Devine"
"Jolene","Stickel"
"Shalom","Spaven"
"Babbette","Care"
"Whitaker","Drakers"
"Berke","Greep"
"Ambrose","Lofthouse"
"Sibyl","Dudding"
"Lyndsey","Tellenbroker"
"Ivie","Ruggles"
"Abey","Menear"
"Israel","Dole"
"Arlyn","Lyddiatt"
"Dorotea","Grassi"
"Bertha","Woolard"
"Ali","O'Murtagh"
"Keary","Avrahamoff"
"Milt","Babidge"
"Karyl","Seabon"
"Viviene","Sommer"
"Thalia","Greenaway"
"Nessy","Pundy"
"Evelyn","Mochan"
"Louisa","Marcham"
