"Sybille","Wensley","swensley0@angelfire.com","9e1497eff6d5519aa1a84c484ddbca6af2f739b4ade69d7586fc796acd206b46","937-414-0352","Portugal","Vale de Açores","3112 Riverside Street","user"
"Saidee","Guitte","sguitte1@newsvine.com","754dc7b93f4b15812e549b5370861a23580245f9abe041ddfedf13699dbf06fb","600-897-0076","Iran","Mehrān","2668 Green Hill","user"
"Othilie","Kmietsch","okmietsch2@chronoengine.com","90b7c52b838b0e1ac095cbfcd24ab2fca459a11555415a6a394ccea88102d3fc","825-664-1797","Croatia","Bestovje","8924 Namekagon Drive","user"
"Lorne","Faulkner","lfaulkner3@ucoz.com","73871304c91aa08ad8733a41d567e76633899ff0a3b5d472975aff4657990ef2","549-826-9219","Sweden","Kiruna","3 Monument Crossing","user"
"Manny","Barnet","mbarnet4@istockphoto.com","a94acb0803eed6d826c5aeb72fa1be0c51b896fdfab0f140a984f7c62499558e","417-417-6411","Iran","Shīrvān","72 Dennis Hill","user"
"Shae","Downham","sdownham5@altervista.org","e5f683a75934993d9ea96e3e00218f9883eed0683aaab494138db8babb0b9550","554-426-0680","Indonesia","Umburarameha","9622 Moose Junction","user"
"Anthiathia","Blamphin","ablamphin6@nationalgeographic.com","0b477644da525ff1c9225066d84248f9786ba78a509fc0a4892e09ac54ce0b43","821-214-1514","China","Xinhang","74 Oxford Circle","user"
"Glenden","Flukes","gflukes7@cnbc.com","7cbe092ce089f25cb893dbc15db87a5994301ba3b6cee0b39976dce202ed789e","707-362-3211","Indonesia","Sorodot","12 Main Crossing","user"
"Nerty","Knivett","nknivett8@nsw.gov.au","9e156b7b96ac8691d3e5c2fa99fcd13d1d2088dff6a81e87dc334c38b1835704","553-345-6596","China","Qitai","66 3rd Place","user"
"Micky","Ticksall","mticksall9@blogger.com","bb17d3191e2c5ff911930f4a5648a3c39222b2a893a3ce6fac8671851d9a2746","774-133-9613","Thailand","Bang Sai","35091 Armistice Road","user"
"Mahalia","Wight","mwighta@kickstarter.com","f175b43faaa94de0acc7ed13da0bd276fc97bfbf6324b6e1007115d6ce701b1b","165-741-4056","Brazil","Bambuí","9 Huxley Point","user"
"Baxter","Struttman","bstruttmanb@hubpages.com","ed7926579fc9ff070c1e812332dc512b7b39629bc422109732cd1c4523534d77","291-318-5155","Madagascar","Ambato Boeny","1 Waxwing Drive","user"
"Arleen","O'Fearguise","aofearguisec@japanpost.jp","18ff9e97d633f1d61a82cb7ff46ba6e575a1823a9daed5e57933a5196c83dab5","480-257-0323","Sweden","Varberg","18 Rutledge Circle","user"
"Tirrell","Folcarelli","tfolcarellid@mapquest.com","17af5fd70ff61dc88fc50faa163cd011120a1888e19facb27b63d6844fcd9a69","647-842-5735","Sweden","Kista","2 Brentwood Park","user"
"Toma","Steptowe","tsteptowee@twitter.com","e13f53cf1638badaf2395b6b9d31d1137531bc4bffb731af00eccb4debf5edcd","235-350-9880","Russia","Dvurechensk","40025 Toban Point","user"
"Shelby","Dorrell","sdorrellf@g.co","5da59e1c73ea7765acfa75db19206c8394b8e5b564d328176aa4b3cb26b336d2","603-934-9820","Indonesia","Pabuaran","8868 Sutherland Lane","user"
"Padgett","Grundwater","pgrundwaterg@cbc.ca","d60f476b679d7c963a6fa99edbe8d79f325b67ee6fcfcbcb5439f0162fe6cea8","495-181-8525","China","Youdian","3991 Anzinger Trail","user"
"Rosaline","Wandtke","rwandtkeh@buzzfeed.com","a202331345aeaabe44d9d22cf1f2c7f7964e46fd8d6c511c1276328f1ce59fca","219-432-2916","China","Qiashui","72401 Hollow Ridge Road","user"
"Bride","Winchurch","bwinchurchi@chicagotribune.com","d7f6f8764bfdfde488579724fc434774bd85afcc87efa94a30783c79c1229eee","689-780-8715","Greece","Deskáti","81987 Spenser Avenue","user"
"Melamie","Grombridge","mgrombridgej@rediff.com","ab9013436d4972444cd596851292b25f2a738939fe3686c6ca5c67f6f7649783","140-346-1459","Ghana","Konongo","28530 Havey Circle","user"
"Haley","Newey","hneweyk@angelfire.com","4ddd7ba1daf5f32042f22f78bc42c4e2f95061caba76ea9586eb2ec752257399","543-690-4536","Indonesia","Naifalo","283 South Circle","user"
"Clarke","Geely","cgeelyl@imageshack.us","266a9d40cd2683aaaff8b01b04efba53e623d9ee4d9e5b6bb6c90e84cb8016da","758-920-5007","China","Zhangqiang","42 Almo Center","user"
"Tracee","Trask","ttraskm@liveinternet.ru","5fa923cda151b8d0c83ba206770dfb72c0fa9dc3f1b3bd4195485cb4cbee5716","497-349-7313","Turkmenistan","Balkanabat","4 Schiller Plaza","user"
"Nathaniel","Slisby","nslisbyn@china.com.cn","5b33a5af741952f4b1f1eaa55d39e02b1c13c8884b8e2949ff324d4b3c23e7ba","620-569-5653","Botswana","Gaborone","8 Doe Crossing Road","user"
"Philbert","Penhale","ppenhaleo@xing.com","6377032a8107550bce3a4f17e805339db1b4de2dfa1af43319c46c9748be7a8f","527-380-2441","Egypt","Rafaḩ","06114 Melvin Park","user"
"Tammie","Twinbrow","ttwinbrowp@fema.gov","62e86deb0ab7f3d03dbdc5e35af98026186d248ff7c479f98cb9494b22775576","570-893-6294","China","Xingtan","4 Burning Wood Circle","user"
"Yorgos","Hunston","yhunstonq@uol.com.br","4c121aceeb239c35460d343e30a55e33f0055571ad700f4e548aa641f26c0ec9","926-338-1830","China","Wuxiang","0 Dwight Pass","user"
"Violante","Cammomile","vcammomiler@weibo.com","b29a80d9bbd049096c1be5bb47062f8797d85ba084d66ebc3982811840b8a56e","259-603-3371","Yemen","Sāqayn","28555 Sachs Plaza","user"
"Jonell","Langelay","jlangelays@is.gd","86b7dfb6ee99da87c01842633fb9f4b4ed208e114c7555e9cef4b275726e0829","483-258-3673","China","Dagar","2 Darwin Way","user"
"Martina","Kepe","mkepet@list-manage.com","5126aa8924eaf5af4b326ca5fefddd0da745356f37aa7541098e02e070639fa7","143-801-1018","Russia","Khorlovo","44 Tony Road","user"
"Kenton","Bungey","kbungeyu@usda.gov","9942a034598280ac8cdb90f638df6129c76cb572495ba6a5565266d656c548a9","643-823-0554","China","Panxi","31 Oak Valley Pass","user"
"Sigismondo","Ferraretto","sferrarettov@archive.org","435ae6b2b654988d63e23e5789c05f7b08afad444fc511e09ef0ef7bd6ca4efc","369-734-5173","Greece","Koropí","5 American Ash Plaza","user"
"Idelle","Ruddock","iruddockw@cornell.edu","579308a6f92708598ec829f9a191e0789fa00d69ff71c4685c740cc58a02cffe","380-937-0236","Russia","Sedkyrkeshch","9497 Stoughton Park","user"
"Joshua","Clunie","jcluniex@forbes.com","05d7ec244be707efad82d057181817bf4993b35343c8ae9f217a0b31fc83b110","383-347-0151","Indonesia","Awayan","914 Old Gate Circle","user"
"Barrie","Filasov","bfilasovy@mlb.com","ed85044a024cdb1dd964b1b12c26b9a60a004f637034e483088011dfb2b093ee","381-228-1132","Sweden","Lomma","036 Kim Street","user"
"Norrie","Battelle","nbattellez@51.la","403598ed99280af09af6ba61c4caa5512145fe1b37682e904c5112218e65989f","810-354-8841","China","Nu’erbage","5069 Derek Park","user"
"Codi","Brookzie","cbrookzie10@geocities.com","cae3d6fb54bd15319cabb43a56c5a84ed54c19ba05db77393fc176bd0a5fe350","950-367-6784","China","Longmen","09600 Hovde Drive","user"
"Millicent","Speddin","mspeddin11@parallels.com","6de176f16d152b3763d240cb391254d4f3943f5a7727bd4fde17c152b04dff61","591-913-9920","Brazil","Nova Lima","91376 Granby Pass","user"
"Paton","Morsey","pmorsey12@salon.com","0b0b364e1944e0e4b95cf833dbf869d2e12ea77717215c37817d6e00376f0ff9","411-146-7757","China","Yeliguan","17838 5th Way","user"
"Scarlett","Gillibrand","sgillibrand13@businessinsider.com","1db7455b111fc120dcc69be848f80a707eae17da8c448a332115b8df9aee43f7","804-189-0243","Indonesia","Pasirmukti","0189 Walton Drive","user"
"Tabatha","Peaddie","tpeaddie14@geocities.jp","01a5735e507a158b6091e63ecb6f4e83e1be59d9c59e799082d88dd8ea57232c","342-917-6856","Philippines","Balete","641 Michigan Avenue","user"
"Dianna","Cocks","dcocks15@reddit.com","21e72b5fdb6f3219981c2ec51df3015c6ac6890953231c6748b1c07eb9cb6d01","444-965-5090","Luxembourg","Clervaux","2650 Banding Court","user"
"Orelie","Durdy","odurdy16@dot.gov","0d8723279799f030033c0a9fc3bf37f9d92a0867048f76a7e5b0c0ec01e26fcb","644-996-6793","Czech Republic","Předklášteří","62 Blue Bill Park Way","user"
"Cole","Matteris","cmatteris17@tiny.cc","ce38564c2b72cb882efd59cdaa9d403158e5bc3afc261df86165ba9e9f12a840","311-507-8007","Indonesia","Denpasar","3435 Chive Pass","user"
"Tobe","Simms","tsimms18@ucla.edu","cf7f36ba9f8a6a5bac443d29b1630181ad2def5fd6384b5838aa785b84ec99d3","616-777-1389","Peru","Callahuanca","267 Elka Trail","user"
"Cloris","Izakoff","cizakoff19@istockphoto.com","83f262edbf7f4ec436e7bf628ce0b0851e33a8c7b503077adef87523e9489dd0","907-650-0600","United States","Anchorage","40 Katie Point","user"
"Jamill","Augustin","jaugustin1a@ifeng.com","cfbe3a4a61ec98821b0bde57e6eab664a26aab0d08941bd71a2ce35e37e3df9d","539-647-4256","Indonesia","Pengembur Dua","5 Fulton Avenue","user"
"Marisa","Cluelow","mcluelow1b@wikia.com","fc1c0d4816e08f3834e3fc8866859ebfaa30fb947f0663ec32e1489e9cc26887","124-952-6936","Russia","Urazovka","091 Melby Alley","user"
"Maye","Scotland","mscotland1c@latimes.com","e4861d233b4ba42ffb477855c80e0e9613589799ff2a21243ca20843030dd4dd","996-271-2169","China","Fuyang","7890 Schurz Place","user"
"Nessa","Rothert","nrothert1d@sina.com.cn","413c51daf7f399f525bc0845129fa9193f6e6cbc60d72145ae460ddfc0554073","759-887-3189","Lithuania","Kuršėnai","64 Scofield Drive","user"
"Erek","Trevance","etrevance1e@hugedomains.com","6e5825c7dd05b0a3188708ac46aa09c3ec6702ea22b0a957aa47f2b7a3ec1f75","903-907-2728","Finland","Malax","81392 Graceland Trail","user"
"Tarra","Macveigh","tmacveigh1f@geocities.jp","f03ac0cb74eb14a0e96ddc70b5f5b42cf3bcb29364af9cd8f6d95ad86a32038e","407-940-0457","United States","Orlando","2 Leroy Lane","user"
"Enrika","O'Cosgra","eocosgra1g@imageshack.us","2a78c6c6b3a86d7f592902df9ea82bd3f86203285c4f7aeab422ae840eca060b","730-202-7736","Serbia","Varna","96 Sauthoff Drive","user"
"Cynde","Gabbott","cgabbott1h@dagondesign.com","126ba0692ea2138e836fea75e2f9f694720cf3598adf058727da19a128ef625d","319-219-0688","Russia","Rodniki","488 Hollow Ridge Plaza","user"
"Morgan","Farans","mfarans1i@msn.com","aa3be7824229e3c5e862d51583c87f28c78d2509f41e93588c9d0abe2480c7d6","400-280-1854","Thailand","Phu Kam Yao","985 Chinook Crossing","user"
"Adler","Gammage","agammage1j@constantcontact.com","10e4124d6a58fcdf520dbb74c65885e961f336bc299381885c5e298b1ca3f67e","640-746-7868","Honduras","La Guama","45 Eagle Crest Junction","user"
"Inigo","Korn","ikorn1k@umich.edu","ba0ab4d060c56e4986b05e04d9e4cf1dbde148f7c62ca0d2466df894b7bd5d80","753-178-0566","China","Zhongzhai","292 Little Fleur Park","user"
"Judye","Shillingford","jshillingford1l@tinypic.com","458ea17068bec60d56bbb38efb80a74cb17b350322edec27700199be9ff28abd","332-210-3428","Sweden","Rönninge","2234 Petterle Junction","user"
"Rabi","Monsey","rmonsey1m@marriott.com","c8700e70cdb453b18859e3e1839a38f8a3746a9839c90bf0ccfe3cc49cd99f8b","832-541-8874","Japan","Kudamatsu","37 Fordem Plaza","user"
"Brendis","McDonagh","bmcdonagh1n@phpbb.com","ab85ffccc94676d7728fa50edb742c7d07838cb126177f9343cce92269f193c8","956-688-8434","Finland","Vihti","56037 Onsgard Pass","user"
"Joana","Wolfindale","jwolfindale1o@domainmarket.com","f7618d9347cfe3155c327dd612e2d50e5b2d06dc8aa1101f61443deb22991f1e","773-871-1312","Peru","Potoni","87421 Shoshone Center","user"
"Fredric","Paddeley","fpaddeley1p@instagram.com","d4e6b94f22aea1ab3d177ec0135df0ae61f42830839a0473a3fe16004d2d6b4e","292-116-5607","Paraguay","Itapé","7142 Colorado Alley","user"
"Briana","Merck","bmerck1q@army.mil","49c9dc32c81d37d7c897db46d1898ef97ebb59dc99e6301bc1b721cf6a19ce86","245-973-6920","Indonesia","Komes","129 Mayer Parkway","user"
"Malinda","Koschke","mkoschke1r@tamu.edu","73a168e9d297e776d527db2090a83d56c27816d72c6705dbac9b12f6844d7d81","346-632-5433","Portugal","Vide","83754 Prairie Rose Place","user"
"Mickie","Sanpher","msanpher1s@deliciousdays.com","851de3c313a1e9f0ca50f9b9cf4f239000cc58223592634f54d6f126f7b31baa","221-249-2587","China","Ningxi","0 Chive Street","user"
"Joletta","Zanioletti","jzanioletti1t@newsvine.com","f678ad4df719680bdcf6f983746a7747ca92864c8d263710098f7613d92f6761","230-214-3081","Eritrea","Keren","3 Westridge Park","user"
"Roselle","Hatchette","rhatchette1u@psu.edu","5c053312d576add73213f83547c453781ddd4be3b1889e6da770c328c103f645","330-937-7440","Morocco","Tabia","40 Clyde Gallagher Center","user"
"Derick","Taffurelli","dtaffurelli1v@elpais.com","8e013ecd3aa29cea1e890064e4bfbaa35c4b5e05dc9f4b19c6cfb8a01a176013","821-530-8248","Yemen","Al Bāţinah","7005 Southridge Road","user"
"Catarina","Gipps","cgipps1w@wix.com","69892098dee7e3e00e2ef08f02a679a251a8fb82e09a6b1e96b845bf550a9b39","798-377-9364","Argentina","Berón de Astrada","4 Corben Place","user"
"Sylvester","Elloit","selloit1x@nifty.com","b40c7cd664f964948517bdc11c082349a4a85f820bb35047213d5026afaa1912","496-845-8690","Bosnia and Herzegovina","Barice","396 Arapahoe Road","user"
"Kippie","Kaminski","kkaminski1y@rakuten.co.jp","bcab6a3ea117eb54a05ce0da1b352085c34cbb64538f1c374fb26543a58baaa6","192-580-0221","Peru","Salas","30733 David Lane","user"
"Wenona","Chirm","wchirm1z@360.cn","2c4d9ad71e1549b28fe821527fcfcbc5e1cf1f3ce0d6af421017e281b336b47a","583-858-5011","Serbia","Debeljača","364 Reinke Road","user"
"Heda","Cromblehome","hcromblehome20@msu.edu","3ec1def27145f1d57d7bfb7a31d5f2184bb710cf85350b2c2aac336a2016e6e5","236-437-0933","Honduras","San José","5 Jana Way","user"
"Morton","Carnoghan","mcarnoghan21@nbcnews.com","4880f7af3572f449c76272807487bbf1981536126cdb8605201a4f5c980a1b68","970-469-8335","Czech Republic","Liběšice","14291 Talisman Avenue","user"
"Sianna","Cawt","scawt22@cornell.edu","27ca29c436cd3613231790f879713c3969ddb2348f9cdee22e009f8fdffe8e62","138-289-2074","Yemen","Ad Dīs ash Sharqīyah","74702 Dovetail Street","user"
"Corabel","Clerke","cclerke23@free.fr","4f2b7566e921954a3d61a04a8f32bf93200711486d6ca4472904a65d854c1312","273-656-3029","Portugal","Montalvão","67324 Dexter Road","user"
"Hollie","Bisset","hbisset24@studiopress.com","f358ba2fa769c81145da9d77a2e3c7e219e0ca6f91c79d0bcc5adacb65810446","610-549-9179","Indonesia","Barusuda","2696 Randy Alley","user"
"Dave","Sottell","dsottell25@about.me","8f381430912ee61e102bd2a5f195f70ed1ebfe3798b92d5ad8a4240132799d71","575-741-7160","Serbia","Inđija","4953 Sullivan Point","user"
"Dame","Shuard","dshuard26@aboutads.info","5fb83c0f997cf7a3be284bfd9fcf0c72c6779854ab4f78c3d663f3ba6da0639b","993-660-0965","Kenya","Makueni","00 Porter Parkway","user"
"Dawna","Lockless","dlockless27@ameblo.jp","7ef954423f78e203957c32a8b0aaeb826ba4b34fbb1e9cb8b82be24edae5a0ae","608-925-9233","Poland","Cisiec","1613 Bluestem Point","user"
"Pattie","Oddy","poddy28@washington.edu","e92174bb5a83538b9f1e5a180bd9a17f78ee3f13c31a19f482ae8932deccdc86","322-339-9397","Argentina","Brandsen","862 Mallory Drive","user"
"Gard","Polglase","gpolglase29@shop-pro.jp","9d1ebbd65cdf334b756327c624fb328ad041af07b531cac5a482f06f719a07ae","287-443-1586","Russia","Goragorskiy","282 Acker Terrace","user"
"Hortense","Biagini","hbiagini2a@unc.edu","71f16e83d9ae7d988fbe15cab500b51abbc518f70398a98467082b75a7b19a4c","927-580-3949","Poland","Białobrzegi","973 Homewood Center","user"
"Toby","Livick","tlivick2b@reuters.com","8555843358a3f9d744a55a7d89783e1316f8ab7e93f5c53ea42a1728986d784b","203-960-2331","Greece","Rodolívos","06 Sauthoff Circle","user"
"Matti","Hanwright","mhanwright2c@elegantthemes.com","a0778aeb6cc2bec876a952c3588e9570983b4a201e4766d60d7e359972f2b6a2","579-802-1239","Ireland","Bayside","5606 Lillian Pass","user"
"Vittorio","Tulloch","vtulloch2d@spiegel.de","7f42a17456d40bc2d4e5b5a646b0294efe81ad52c9129c85bee21460cfce5006","691-369-8280","Oman","Al Qābil","92047 Haas Circle","user"
"Hurlee","Lagden","hlagden2e@utexas.edu","c01c45261f08c500863a6519cf43800710bf9470b2fd83277a3b5c8376b30f41","590-671-1698","Russia","Volkhov","292 Forest Run Alley","user"
"Goddart","MacTeggart","gmacteggart2f@mashable.com","a7982114851f55977d596d3d0970a6c87a3fb1cd6ab97090364f9c3866250e45","574-694-5133","Brazil","Rialma","2 Amoth Parkway","user"
"Sacha","Wigan","swigan2g@nhs.uk","8fc94ea75b3807267b643c71f1f065672cf535daae061a6dda908724607f852a","109-863-0867","Indonesia","Prapen","265 Hagan Terrace","user"
"Merrielle","Baddiley","mbaddiley2h@taobao.com","c4c29f6e86e55a8538f73db5ce8fb3e2ad469e2e99c388c239f5bd6f0e7523fd","931-870-6433","Botswana","Francistown","5 Eastwood Terrace","user"
"Gustavo","Cammoile","gcammoile2i@sbwire.com","0f71bc14f497d1160c4344900b994cc51cc67c1ab69c61bb6579dbe916a6a262","558-803-3687","South Korea","Neietsu","116 Canary Crossing","user"
"Zarah","Ewbanche","zewbanche2j@samsung.com","3036b21ee1774657ca24b924c4beb203c489a4c5ee0def4249e2f8e694dc4151","165-653-9385","Indonesia","Bojong","77609 Annamark Plaza","user"
"Daryn","Chown","dchown2k@dedecms.com","a4f58cb00d58378284ce7716f563542088a094617a136878c9577c032dcbaf1b","299-930-0674","China","Sanlifan","6122 Fairview Pass","user"
"Emmet","Rosencrantz","erosencrantz2l@disqus.com","a8bd0285fca7cae22e22d084e99b54813f1f399853da301417b4d9ff970936ce","556-372-9457","China","Xiadong","19 Farmco Pass","user"
"Leland","Bullus","lbullus2m@blogtalkradio.com","88a698f7de8e8a35a07d5f2c4c56f2cf88e88ffc1d564cbcc5bb2f5331139752","340-685-0725","Thailand","Phitsanulok","94397 Maple Wood Terrace","user"
"Elwyn","Jellyman","ejellyman2n@theguardian.com","05cd2bb92ee9e848b15da39479f9763ed060221690156a9cd2d020aef1f9ae21","486-400-1231","Egypt","Al Khārijah","7669 Green Alley","user"
"Emili","Vankeev","evankeev2o@diigo.com","14fc3da702d86e8230e374b7b64836e3168bc13ea4b5d593a3873ce877e8b3af","362-771-8932","China","Liangnong","94 Melody Pass","user"
"Johnnie","Stienham","jstienham2p@behance.net","5362c1fb54061ee4ba287cbeab7f903a11193732df24f8bd99a9469823444728","651-254-2531","Philippines","San Juan","3769 Waxwing Drive","user"
"Annissa","Bruff","abruff2q@cmu.edu","b29177831600a36a8b2415b780cbdd6de243cee7c0b9189b8596dcbb3e2fe4cf","333-983-4700","Syria","Muḩradah","917 Derek Avenue","user"
"Dore","Jameson","djameson2r@eventbrite.com","bda3a2c14036c0b91e27b7d2f62d0ba06248fd0cc1b5f9287416388f7aea6af8","690-485-3756","Belarus","Slutsk","95 Prentice Alley","user"
"Ginnifer","Behnke","gbehnke2s@blog.com","344980ebd1c54cf27b5c5cc42252712ade6d19dcbb2d9581393fb247452e8b10","356-317-1380","Thailand","Ban Talat Yai","70 Schiller Hill","user"
"Dara","Leavold","dleavold2t@chronoengine.com","de4d4aacaa908caa7178d59f4ae94fd300e0bdd4f5961d8f3962cde9c57ca94e","511-773-9324","Greece","Kariaí","52699 Mandrake Place","user"
"Emmett","Ormond","eormond2u@hp.com","0cc578f34c9f8b36dc65d4bef054153354df387f44bf815fbcb7c3c30d7d41d9","489-794-1477","Philippines","Talayan","277 Florence Terrace","user"
"Mirabelle","Conkie","mconkie2v@irs.gov","7ca992ed64e50a09841973577e0a1e433d1bca74eb054d3d54837298b38f7de6","944-450-4205","Slovenia","Rakek","984 Marquette Court","user"
"Moore","Sisley","msisley2w@chicagotribune.com","d66d4d5339245ef444b1238ed72718eef87bef382671a54ba3b2845fa809a476","583-113-1028","Philippines","Cervantes","42 Glendale Way","user"
"Elden","MacPharlain","emacpharlain2x@ask.com","ce82eab430d4355d44e9e37d0994d1c5db8841ee91bc15b4d7cdeabe7a93ca4e","852-473-2237","Venezuela","Ciudad Guayana","28 Amoth Road","user"
"Pepe","Holt","pholt2y@europa.eu","b26f9573da3b2b57ca710150d37afe3885fd2456c110f17c845453e6d983f238","355-820-7382","Poland","Rudna","99688 Washington Circle","user"
"Matteo","Kuhle","mkuhle2z@liveinternet.ru","f9781d009086af74e1627cc1d4b93a7f35d0a62076d6d5773e0e2688370b95ec","232-967-5951","Malaysia","Melaka","607 Lake View Park","user"
"Joachim","Gooders","jgooders30@jugem.jp","35bc1dfeb538525c32cb793075f7e06147e0b19670e2c9119b97e496795432e3","525-503-9262","Portugal","Barroco","5679 Duke Junction","user"
"Katalin","Aldhous","kaldhous31@comsenz.com","32a1233fd9848222b6b8f7391f662fb0159dd1feca60e72e2c00fd8371f32ee0","527-515-5974","Indonesia","Kademangan","3 Fuller Parkway","user"
"Arne","Mairs","amairs32@meetup.com","8fa37a66ded2304b151f3e1d490092260a2b4ead91eaafb752ada84814f09a08","966-132-1269","Thailand","Warin Chamrap","3 Mariners Cove Way","user"
"Henderson","Domenge","hdomenge33@etsy.com","036457e146fcb464c3268dc0deaabd63e818f54d5b688eef62b7fe78a86124d3","200-806-9571","Indonesia","Sumberdadi","995 Londonderry Circle","user"
"Kaitlyn","Matzen","kmatzen34@123-reg.co.uk","b9c4bca56d392f6ce0e690e938e19d7bbe3f1bf8bb5e21fe88220d0ba76b3b98","481-234-3639","Ireland","Navan","730 Helena Court","user"
"Reynolds","Passler","rpassler35@youtube.com","fd6fb0c591ce5a8df050b49b6a6037dbd32bce4373cfda047ce76a98745e9259","672-610-8805","Russia","Novyye Kuz’minki","7178 Anhalt Avenue","user"
"Olva","Caller","ocaller36@digg.com","489e7db6465f357fed142766c1c871cbc9385661ceb2dc6d056c5d54f54d8014","782-814-6019","Philippines","Dukay","87520 Sutteridge Way","user"
"Katina","MattiCCI","kmatticci37@xinhuanet.com","72c51e1d5669c19f10dd9fa61838f3337b3934514012f608e69efcf71664d016","894-303-7640","Peru","Sayán","346 Debs Pass","user"
"Adam","Wickenden","awickenden38@wikia.com","8a020f880ebe8681830cc14651ed92b814f6f49f75a030777d25cd3de1474be0","782-609-1092","China","Jiangkou","9 Del Mar Terrace","user"
"Loralie","Buttfield","lbuttfield39@php.net","56d2f2e8d88d04b09b6fde66e57dcdbc58175e3ecc0d38dc1bbeb9cf9aa29fd8","943-595-8972","Peru","Ambar","81137 Leroy Road","user"
"Lindi","Sidebottom","lsidebottom3a@privacy.gov.au","f53c72ab3bc9ac6fa4f63607ffafae4e012016eb8598b5d4c547901255d8a67e","176-587-1342","Brazil","São Joaquim da Barra","91092 Donald Circle","user"
"Moss","Spurrier","mspurrier3b@amazon.de","0f1ac3c2d77342c143e49690cfac55a3df67c454c167f9232b4fd00b65f6b080","376-876-6536","Portugal","Azurva","8 Barnett Way","user"
"Ermentrude","Iddons","eiddons3c@nhs.uk","246f9420e613fe41410b6310676bdfbb10e96db6868b5339847f7fa977b5ac32","614-530-1869","Colombia","Pradera","870 Helena Road","user"
"Harris","Rankling","hrankling3d@timesonline.co.uk","47fa8f467a6312c9f87706b9b7ba0434412a777bf213dc65b44b6d7f88e34636","317-532-4744","Chile","Futaleufú","3 Clemons Court","user"
"Heddi","Climo","hclimo3e@woothemes.com","26655b1ff25b55c704eb8f46c880f08802b789c474f5bdec079cabca43e89fe2","180-996-4442","China","Huaitu","0553 Dottie Terrace","user"
"Thedrick","Leyban","tleyban3f@addthis.com","5259b290e19ebb2e212ad17b9d4a67bc3abf931bf15d184b236d42d08e2b2c37","809-607-5578","Nicaragua","Rivas","8 Tony Point","user"
"Chelsea","Smissen","csmissen3g@hibu.com","69c428637bfa08282f01fada5bbf9f9afa427a6c0861e183fcd0c9cbfdb42c75","303-870-4164","Japan","Kasamatsuchō","4 Onsgard Circle","user"
"Wiatt","Gidman","wgidman3h@icio.us","37b3702dafc7f6966633e18fe657f304b56b95734e747992b34db8bd7d8ef276","163-739-4973","Turkmenistan","Atamyrat","08799 Haas Street","user"
"Kitty","Nelles","knelles3i@t.co","015666d124b6eb11982ff6447cc716443eb64c5cabf26270190c486ad7796cdb","366-208-9266","Canada","Saint-Joseph-de-Coleraine","503 Hudson Plaza","user"
"Bobbi","Beachamp","bbeachamp3j@multiply.com","1f5aaed774282091e6ed849212afe2a4cce7a9641dc8e4337f1c1429cf89feb5","265-470-4512","China","Zhoujia","6323 Arizona Street","user"
"Harlene","Durdle","hdurdle3k@wired.com","d630836fc27ce5571c3124382ccb199ea9e36ef2a996151589c4acb33e1bf148","300-457-9764","Indonesia","Waenenda","060 Marcy Terrace","user"
"Susie","Tuckerman","stuckerman3l@mlb.com","5380e2d3f30e37985dd66ba022124f258c92a71e70737118360850bd53838311","122-676-4959","Indonesia","Pakembangan","0 Brentwood Drive","user"
"Ernestine","Dawtry","edawtry3m@craigslist.org","f2d80746f5af63666aadbe985795f7ca0c86aed8df7e9101633a5f9e79930bec","466-196-3273","Cuba","Jesús Menéndez","749 Continental Pass","user"
"Tonnie","Jinkinson","tjinkinson3n@vistaprint.com","4424fe33144777b1fb3e377e22f11a0285a6bc035fc5b6773f0a11762c5d9891","990-578-2244","Portugal","Cruzeiro","57 Anzinger Place","user"
"Angel","Evert","aevert3o@mit.edu","c869c02d54507bfe9f4f86a78f47dd22c2a3454355528a65f46a3d55237c4054","464-620-2779","China","Tuanjie","7 Bobwhite Junction","user"
"Venita","Olsen","volsen3p@wisc.edu","672dadc356518e849050190047a76a3f5c50e73d16f84e364f102d277f19fcef","153-292-8453","Russia","Dorogobuzh","71651 Badeau Avenue","user"
"Clim","Conkay","cconkay3q@japanpost.jp","da27ac7c38d94d0018bef263b05b5d3e410bbaff563fdc82a0d2f7dbad4c0c36","212-950-0949","United States","New York City","8 Northridge Terrace","user"
"Burg","Birdwistle","bbirdwistle3r@youtu.be","b9da100ad2f3dea2f8b17c1a3679c0cf41a4821158dd96326e975da7adb8b54b","144-656-4733","Georgia","Gali","624 Londonderry Parkway","user"
"Wilie","Ateridge","wateridge3s@hugedomains.com","adb3b72c8883a2e6959c1018f483c24778a42add14d1ea337f4bda2885080e3c","581-769-1323","Yemen","Sūq Sibāḩ","59173 Summer Ridge Terrace","user"
"Carmon","Marzelli","cmarzelli3t@redcross.org","c18039c2b041ed9230c1442c667ba211988bf1a08cd1e88bff4a3a276f594bc7","726-106-5468","China","Zhoujiang","0216 Miller Terrace","user"
"Tami","Sockell","tsockell3u@earthlink.net","8b83547e2e084ec2c9bccd79c54e840d3fb336a5f72bca18724ae6c3e89ca1ca","886-548-6064","Honduras","La Sabana","548 Saint Paul Road","user"
"Etan","Lugsdin","elugsdin3v@tiny.cc","86c02a875a66ab9092deca09b1042b55f9d7d3c288c5dd1e5450371009fda0ff","724-291-9343","Indonesia","Ketangi","29127 Roth Crossing","user"
"Olivette","Oxenford","ooxenford3w@about.com","594650e22e97689ad0c25018ad218d4ac6ec899902e2f49aef0b816102871bce","761-293-3199","Macedonia","Липково","58341 Kingsford Parkway","user"
"Damian","Boxen","dboxen3x@about.com","50f4fae1b51e80c6de5cfcbdced33436b8e4c5d793bfab9e7ab7d7231209b8e1","407-929-2623","United States","Orlando","404 Waubesa Parkway","user"
"Baily","Wilber","bwilber3y@loc.gov","0daee75a8d947aeabc31ba14225657599d035f4f64eba63defa025c320d9654c","444-384-4243","France","Bayeux","49541 Karstens Plaza","user"
"Pauly","Matusovsky","pmatusovsky3z@nytimes.com","3517d2c1260e6fa419f2daa035e273645d453d994e5a6c3d720f1aeb88e834bb","651-591-1072","Poland","Lipiany","72 Morrow Crossing","user"
"Revkah","Espinha","respinha40@jalbum.net","445ee3674ceb408aa89b3b03b362d07a8f26700bd79ec0b3debc6d4e39a2a061","152-708-1337","Brazil","Serra Talhada","237 Sullivan Hill","user"
"Brod","Hamblett","bhamblett41@yale.edu","1cca5f654b67748d8471306b7d7b7d160f9a148f0193c2ca1e47222ed08f1444","485-406-4452","Portugal","São Pedro de Muel","66323 Oakridge Pass","user"
"Llewellyn","Wanley","lwanley42@hp.com","11e581b2a64e28ad24417330888311d4a8906a0018333da21492c8b34f500ea4","356-587-6670","Bangladesh","Lakshmīpur","0 Dakota Crossing","user"
"Leona","Gosselin","lgosselin43@weebly.com","8c5a63d4f4d04fbbb859b6090859cf9851a0188fb4cad15bfcf954ba7cc6f42e","551-114-2970","China","Yuankeng","934 Ruskin Junction","user"
"Hamish","Questier","hquestier44@jalbum.net","47f92a22ceb947df9569a4c9e7c1b69780f9a669ceec970006d6c0440b57e7d2","462-930-0289","South Africa","Randfontein","013 Huxley Center","user"
"Eryn","Matusov","ematusov45@ifeng.com","63b6ee2a1916da275e1c5c09b602a251151192c7b806c3dc5e697602fb6d9c68","377-124-2252","Indonesia","Cungapmimbo","0645 Shopko Parkway","user"
